﻿<?xml version="1.0" encoding="UTF-8" standalone="yes"?>
<addon id="repository.geetee.kodi" name="geetee repository" version="1.1.0" provider-name="@geeteetv">
	<extension point="xbmc.addon.repository" name="GeeTee Repository">
		<info compressed="false">http://geetee.site/repo/zips/addons.xml</info>
		<checksum>http://geetee.site/repo/zips/addons.xml.md5</checksum>
		<datadir zip="true">http://geetee.site/repo/zips/</datadir>
	</extension>
	<extension point="xbmc.addon.metadata">
		<summary>GeeTeeTV Repo</summary>
		<description>GeeTeeTV repository</description>
		<disclaimer></disclaimer>
		<platform>all</platform>
	</extension>
</addon>
